# SQL Manager 2005 Lite for MySQL 3.7.7.1
# ---------------------------------------
# Host     : localhost
# Port     : 3306
# Database : buscador


SET FOREIGN_KEY_CHECKS=0;

CREATE DATABASE `buscador`;

USE `buscador`;

#
# Structure for the `administrador` table : 
#

CREATE TABLE `administrador` (
  `login` varchar(5)  NOT NULL default '',
  `password` varchar(5)  NOT NULL default '',
  PRIMARY KEY  (`login`,`password`)
) ENGINE=MyISAM ;

#
# Structure for the `documento` table : 
#

CREATE TABLE `documento` (
  `idDocumento` int(10) unsigned NOT NULL auto_increment,
  `titulo` text ,
  `ubicacion` varchar(250)  default NULL,
  PRIMARY KEY  (`idDocumento`),
  UNIQUE KEY `DOCUMENTO_PK` (`idDocumento`)
) ENGINE=MyISAM AUTO_INCREMENT=3 ;

#
# Structure for the `documento_has_posteo` table : 
#

CREATE TABLE `documento_has_posteo` (
  `idPosteo` int(10) unsigned NOT NULL default '0',
  `idDocumento` int(10) unsigned NOT NULL default '0',
  `cantidad` int(5) unsigned NOT NULL default '0',
  PRIMARY KEY  (`idPosteo`,`idDocumento`)
) ENGINE=MyISAM ;

#
# Structure for the `posicion` table : 
#

CREATE TABLE `posicion` (
  `idDoc` int(10) unsigned NOT NULL,
  `idPal` int(10) unsigned NOT NULL,
  `idPos` int(10) unsigned NOT NULL
) ENGINE=MyISAM ;

#
# Structure for the `posteo` table : 
#

CREATE TABLE `posteo` (
  `idPosteo` int(10) unsigned NOT NULL auto_increment,
  `termino` varchar(30)  default NULL,
  PRIMARY KEY  (`idPosteo`),
  UNIQUE KEY `POSTEO_PK` (`idPosteo`)
) ENGINE=MyISAM AUTO_INCREMENT=602 ;

#
# Structure for the `stopwords` table : 
#

CREATE TABLE `stopwords` (
  `idStopword` int(10) unsigned NOT NULL auto_increment,
  `stopwords` varchar(20)  NOT NULL default '',
  PRIMARY KEY  (`idStopword`)
) ENGINE=MyISAM ;

#
# Structure for the `sufijo` table : 
#

CREATE TABLE `sufijo` (
  `idSufijo` int(10) unsigned NOT NULL auto_increment,
  `sufijo` varchar(20)  NOT NULL default '',
  `longitud` int(10) unsigned NOT NULL default '0',
  PRIMARY KEY  (`idSufijo`)
) ENGINE=MyISAM ;

#
# Data for the `administrador` table  (LIMIT 0,500)
#

INSERT INTO `administrador` (`login`, `password`) VALUES 
  ('admin','admin');

COMMIT;

#
# Data for the `documento_has_posteo` table  (LIMIT 0,500)
#

INSERT INTO `documento_has_posteo` (`idPosteo`, `idDocumento`, `cantidad`) VALUES 
  (414,2,1),
  (415,2,1),
  (416,2,1),
  (417,2,1),
  (418,2,1),
  (419,2,1),
  (420,2,3),
  (421,2,2),
  (422,2,1),
  (423,2,3),
  (424,2,4),
  (425,2,1),
  (426,2,1),
  (427,2,1),
  (428,2,1),
  (429,2,1),
  (430,2,3),
  (431,2,3),
  (432,2,3),
  (433,2,6),
  (434,2,4),
  (435,2,1),
  (436,2,1),
  (437,2,7),
  (438,2,1),
  (439,2,1),
  (440,2,2),
  (441,2,4),
  (442,2,1),
  (443,2,2),
  (444,2,1),
  (445,2,1),
  (446,2,6),
  (447,2,2),
  (448,2,1),
  (449,2,5),
  (450,2,3),
  (451,2,1),
  (452,2,1),
  (453,2,1),
  (454,2,2),
  (455,2,1),
  (456,2,1),
  (457,2,3),
  (458,2,1),
  (459,2,4),
  (460,2,2),
  (461,2,1),
  (462,2,1),
  (463,2,1),
  (464,2,3),
  (465,2,4),
  (466,2,2),
  (467,2,19),
  (468,2,4),
  (469,2,2),
  (470,2,1),
  (471,2,1),
  (472,2,2),
  (473,2,2),
  (474,2,2),
  (475,2,4),
  (476,2,2),
  (477,2,2),
  (478,2,2),
  (479,2,2),
  (480,2,2),
  (481,2,4),
  (482,2,1),
  (483,2,5),
  (484,2,3),
  (485,2,3),
  (486,2,2),
  (487,2,1),
  (488,2,1),
  (489,2,2),
  (490,2,1),
  (491,2,2),
  (492,2,1),
  (493,2,1),
  (494,2,1),
  (495,2,1),
  (496,2,1),
  (497,2,2),
  (498,2,1),
  (499,2,1),
  (500,2,1),
  (501,2,1),
  (502,2,1),
  (503,2,1),
  (504,2,1),
  (505,2,1),
  (506,2,1),
  (507,2,1),
  (508,2,1),
  (509,2,1),
  (510,2,1),
  (511,2,2),
  (512,2,4),
  (513,2,2),
  (514,2,1),
  (515,2,1),
  (516,2,2),
  (517,2,1),
  (518,2,3),
  (519,2,1),
  (520,2,1),
  (521,2,1),
  (522,2,1),
  (523,2,2),
  (524,2,1),
  (525,2,2),
  (526,2,3),
  (527,2,1),
  (528,2,1),
  (529,2,1),
  (530,2,1),
  (531,2,1),
  (532,2,1),
  (533,2,1),
  (534,2,1),
  (535,2,1),
  (536,2,1),
  (537,2,4),
  (538,2,1),
  (539,2,1),
  (540,2,1),
  (541,2,1),
  (542,2,1),
  (543,2,1),
  (544,2,1),
  (545,2,2),
  (546,2,1),
  (547,2,1),
  (548,2,2),
  (549,2,1),
  (550,2,1),
  (551,2,1),
  (552,2,1),
  (553,2,1),
  (554,2,1),
  (555,2,2),
  (556,2,1),
  (557,2,1),
  (558,2,4),
  (559,2,3),
  (560,2,1),
  (561,2,2),
  (562,2,1),
  (563,2,1),
  (564,2,1),
  (565,2,1),
  (566,2,1),
  (567,2,1),
  (568,2,1),
  (569,2,1),
  (570,2,1),
  (571,2,1),
  (572,2,1),
  (573,2,1),
  (574,2,1),
  (575,2,1),
  (576,2,1),
  (577,2,1),
  (578,2,1),
  (579,2,1),
  (580,2,1),
  (581,2,1),
  (582,2,1),
  (583,2,1),
  (584,2,1),
  (585,2,1),
  (586,2,1),
  (587,2,1),
  (588,2,1),
  (589,2,1),
  (590,2,1),
  (591,2,1),
  (592,2,1),
  (593,2,1),
  (594,2,1),
  (595,2,1),
  (596,2,1),
  (597,2,1),
  (598,2,1),
  (599,2,1),
  (600,2,1),
  (601,2,1);

COMMIT;

#
# Data for the `posicion` table  (LIMIT 0,500)
#

INSERT INTO `posicion` (`idDoc`, `idPal`, `idPos`) VALUES 
  (2,414,1),
  (2,415,2),
  (2,416,3),
  (2,417,4),
  (2,418,5),
  (2,419,6),
  (2,420,7),
  (2,421,8),
  (2,422,9),
  (2,423,10),
  (2,424,11),
  (2,425,12),
  (2,426,13),
  (2,427,14),
  (2,428,15),
  (2,429,16),
  (2,430,17),
  (2,431,18),
  (2,432,19),
  (2,433,20),
  (2,434,21),
  (2,435,22),
  (2,436,23),
  (2,437,24),
  (2,438,25),
  (2,439,26),
  (2,440,27),
  (2,441,28),
  (2,442,29),
  (2,443,30),
  (2,444,31),
  (2,441,32),
  (2,445,33),
  (2,446,34),
  (2,447,35),
  (2,443,36),
  (2,448,37),
  (2,449,38),
  (2,450,39),
  (2,451,40),
  (2,437,41),
  (2,441,42),
  (2,452,43),
  (2,453,44),
  (2,454,45),
  (2,455,46),
  (2,456,47),
  (2,457,48),
  (2,458,49),
  (2,459,50),
  (2,460,51),
  (2,461,52),
  (2,462,53),
  (2,463,54),
  (2,464,55),
  (2,465,56),
  (2,466,57),
  (2,420,58),
  (2,421,59),
  (2,466,60),
  (2,467,61),
  (2,468,62),
  (2,469,63),
  (2,470,64),
  (2,471,65),
  (2,472,66),
  (2,473,67),
  (2,474,68),
  (2,475,69),
  (2,476,70),
  (2,477,71),
  (2,478,72),
  (2,475,73),
  (2,479,74),
  (2,480,75),
  (2,481,76),
  (2,433,77),
  (2,482,78),
  (2,467,79),
  (2,483,80),
  (2,484,81),
  (2,467,82),
  (2,483,83),
  (2,485,84),
  (2,485,85),
  (2,467,86),
  (2,486,87),
  (2,487,88),
  (2,488,89),
  (2,489,90),
  (2,490,91),
  (2,484,92),
  (2,467,93),
  (2,491,94),
  (2,467,95),
  (2,492,96),
  (2,493,97),
  (2,467,98),
  (2,450,99),
  (2,484,100),
  (2,494,101),
  (2,467,102),
  (2,495,103),
  (2,496,104),
  (2,467,105),
  (2,497,106),
  (2,498,107),
  (2,467,108),
  (2,499,109),
  (2,500,110),
  (2,467,111),
  (2,501,112),
  (2,502,113),
  (2,503,114),
  (2,489,115),
  (2,504,116),
  (2,505,117),
  (2,467,118),
  (2,506,119),
  (2,507,120),
  (2,467,121),
  (2,508,122),
  (2,509,123),
  (2,467,124),
  (2,510,125),
  (2,459,126),
  (2,460,127),
  (2,511,128),
  (2,512,129),
  (2,513,130),
  (2,514,131),
  (2,515,132),
  (2,516,133),
  (2,449,134),
  (2,450,135),
  (2,457,136),
  (2,517,137),
  (2,446,138),
  (2,518,139),
  (2,519,140),
  (2,512,141),
  (2,520,142),
  (2,454,143),
  (2,446,144),
  (2,468,145),
  (2,440,146),
  (2,521,147),
  (2,522,148),
  (2,523,149),
  (2,420,150),
  (2,524,151),
  (2,525,152),
  (2,433,153),
  (2,526,154),
  (2,527,155),
  (2,430,156),
  (2,431,157),
  (2,432,158),
  (2,433,159),
  (2,434,160),
  (2,528,161),
  (2,529,162),
  (2,449,163),
  (2,523,164),
  (2,530,165),
  (2,433,166),
  (2,531,167),
  (2,532,168),
  (2,533,169),
  (2,534,170),
  (2,535,171),
  (2,536,172),
  (2,537,173),
  (2,538,174),
  (2,437,175),
  (2,518,176),
  (2,539,177),
  (2,540,178),
  (2,446,179),
  (2,468,180),
  (2,541,181),
  (2,537,182),
  (2,542,183),
  (2,543,184),
  (2,544,185),
  (2,481,186),
  (2,537,187),
  (2,545,188),
  (2,546,189),
  (2,547,190),
  (2,481,191),
  (2,465,192),
  (2,548,193),
  (2,549,194),
  (2,550,195),
  (2,551,196),
  (2,552,197),
  (2,553,198),
  (2,449,199),
  (2,483,200),
  (2,554,201),
  (2,437,202),
  (2,481,203),
  (2,555,204),
  (2,556,205),
  (2,446,206),
  (2,557,207),
  (2,558,208),
  (2,559,209),
  (2,525,210),
  (2,560,211),
  (2,526,212),
  (2,459,213),
  (2,561,214),
  (2,464,215),
  (2,465,216),
  (2,545,217),
  (2,467,218),
  (2,468,219),
  (2,562,220),
  (2,563,221),
  (2,564,222),
  (2,472,223),
  (2,473,224),
  (2,474,225),
  (2,475,226),
  (2,476,227),
  (2,477,228),
  (2,478,229),
  (2,475,230),
  (2,479,231),
  (2,480,232),
  (2,449,233),
  (2,465,234),
  (2,548,235),
  (2,467,236),
  (2,483,237),
  (2,469,238),
  (2,467,239),
  (2,483,240),
  (2,485,241),
  (2,565,242),
  (2,467,243),
  (2,491,244),
  (2,566,245),
  (2,467,246),
  (2,486,247),
  (2,459,248),
  (2,561,249),
  (2,511,250),
  (2,512,251),
  (2,513,252),
  (2,567,253),
  (2,568,254),
  (2,423,255),
  (2,424,256),
  (2,516,257),
  (2,569,258),
  (2,558,259),
  (2,559,260),
  (2,570,261),
  (2,437,262),
  (2,571,263),
  (2,572,264),
  (2,573,265),
  (2,574,266),
  (2,558,267),
  (2,575,268),
  (2,437,269),
  (2,441,270),
  (2,576,271),
  (2,577,272),
  (2,424,273),
  (2,578,274),
  (2,579,275),
  (2,580,276),
  (2,457,277),
  (2,581,278),
  (2,582,279),
  (2,512,280),
  (2,583,281),
  (2,423,282),
  (2,424,283),
  (2,584,284),
  (2,585,285),
  (2,586,286),
  (2,587,287),
  (2,434,288),
  (2,588,289),
  (2,537,290),
  (2,518,291),
  (2,589,292),
  (2,590,293),
  (2,591,294),
  (2,592,295),
  (2,555,296),
  (2,593,297),
  (2,594,298),
  (2,595,299),
  (2,526,300),
  (2,558,301),
  (2,559,302),
  (2,497,303),
  (2,596,304),
  (2,597,305),
  (2,437,306),
  (2,598,307),
  (2,447,308),
  (2,599,309),
  (2,430,310),
  (2,431,311),
  (2,432,312),
  (2,433,313),
  (2,434,314),
  (2,446,315),
  (2,464,316),
  (2,600,317),
  (2,601,318);

COMMIT;

#
# Data for the `posteo` table  (LIMIT 0,500)
#

INSERT INTO `posteo` (`idPosteo`, `termino`) VALUES 
  (414,'______________________________'),
  (415,'time'),
  (416,'to'),
  (417,'live'),
  (418,'15aunque'),
  (419,'deb'),
  (420,'informacion'),
  (421,'autoriz'),
  (422,'localho'),
  (423,'resolucion'),
  (424,'inversa'),
  (425,'127.0.0.1'),
  (426,'16instituto'),
  (427,'tecnolog'),
  (428,'massachusets'),
  (429,'______________________________'),
  (430,'e'),
  (431,'l'),
  (432,'sistema'),
  (433,'nombres'),
  (434,'dns'),
  (435,'nodo'),
  (436,'admitir'),
  (437,'nombre'),
  (438,'sera'),
  (439,'ofici'),
  (440,'o'),
  (441,'canon'),
  (442,'son'),
  (443,'ali'),
  (444,'difer'),
  (445,'define'),
  (446,'registro'),
  (447,'tipo'),
  (448,'definen'),
  (449,'registros'),
  (450,'cname'),
  (451,'apuntan'),
  (452,'capitulo'),
  (453,'posterior'),
  (454,'trata'),
  (455,'profundi'),
  (456,'limit'),
  (457,'ver'),
  (458,'ejemplos'),
  (459,'fig'),
  (460,'2.4'),
  (461,'muestra'),
  (462,'par'),
  (463,'base'),
  (464,'datos'),
  (465,'zona'),
  (466,'physics.groucho.edu'),
  (467,'in'),
  (468,'soa'),
  (469,'niels.physics.groucho.edu'),
  (470,'hostmaster.niels.physics.grouc'),
  (471,'1034'),
  (472,'seri'),
  (473,'360000'),
  (474,'refresh'),
  (475,'3600'),
  (476,'retry'),
  (477,'3600000'),
  (478,'expire'),
  (479,'default'),
  (480,'ttl'),
  (481,'servido'),
  (482,'autoriza'),
  (483,'ns'),
  (484,'niels'),
  (485,'gauss.maths.groucho.edu'),
  (486,'149.76.4.23'),
  (487,'fis'),
  (488,'teor'),
  (489,'subred'),
  (490,'12'),
  (491,'149.76.12.1'),
  (492,'149.76.1.12'),
  (493,'nameserver'),
  (494,'otto'),
  (495,'149.76.12.2'),
  (496,'qua'),
  (497,'149.76.12.4'),
  (498,'down'),
  (499,'149.76.12.5'),
  (500,'strange'),
  (501,'149.76.12.6'),
  (502,'labora'),
  (503,'collider'),
  (504,'14'),
  (505,'boson'),
  (506,'149.76.14.1'),
  (507,'muon'),
  (508,'149.76.14.7'),
  (509,'bogon'),
  (510,'149.76.14.12'),
  (511,'extracto'),
  (512,'fich'),
  (513,'named.hosts'),
  (514,'departa'),
  (515,'fisi'),
  (516,'ademas'),
  (517,'hay'),
  (518,'especi'),
  (519,'principio'),
  (520,'lineas'),
  (521,'inicio'),
  (522,'autori'),
  (523,'mantiene'),
  (524,'gene'),
  (525,'servi'),
  (526,'ejemplo'),
  (527,'______________________________'),
  (528,'vida'),
  (529,'defecto'),
  (530,'notese'),
  (531,'finali'),
  (532,'punto'),
  (533,'seran'),
  (534,'interpreta'),
  (535,'re'),
  (536,'lat'),
  (537,'dominio'),
  (538,'cuestion'),
  (539,'@'),
  (540,'usado'),
  (541,'representa'),
  (542,'completo'),
  (543,'hemos'),
  (544,'visto'),
  (545,'groucho.edu'),
  (546,'deben'),
  (547,'conoci'),
  (548,'physics'),
  (549,'reenviarl'),
  (550,'peticiones'),
  (551,'paraes'),
  (552,'suele'),
  (553,'incluir'),
  (554,'incluyen'),
  (555,'notacion'),
  (556,'fqdn'),
  (557,'da'),
  (558,'direccion'),
  (559,'ip'),
  (560,'vease'),
  (561,'2.5'),
  (562,'vax12.gcc.groucho.edu'),
  (563,'hostmaster.vax12.gcc.groucho.e'),
  (564,'233'),
  (565,'niels.physics'),
  (566,'gauss.maths'),
  (567,'ugm'),
  (568,'2.6.6'),
  (569,'obtencion'),
  (570,'part'),
  (571,'veces'),
  (572,'inter'),
  (573,'contr'),
  (574,'cono'),
  (575,'obtener'),
  (576,'conoce'),
  (577,'traduccion'),
  (578,'utili'),
  (579,'aplicacio'),
  (580,'red'),
  (581,'identi'),
  (582,'lla'),
  (583,'hosts'),
  (584,'supone'),
  (585,'simple'),
  (586,'busqu'),
  (587,'cambio'),
  (588,'cre'),
  (589,'in-addr.ar'),
  (590,'contiene'),
  (591,'direcciones'),
  (592,'nodos'),
  (593,'puntos'),
  (594,'divisor'),
  (595,'invert'),
  (596,'le'),
  (597,'corresponde'),
  (598,'4.12.76.149.in-addr.ar'),
  (599,'______________________________'),
  (600,'llama'),
  (601,'ptr');

COMMIT;

#
# Data for the `stopwords` table  (LIMIT 0,500)
#

INSERT INTO `stopwords` (`stopwords`) VALUES 
  ('a'),
  ('acá'),
  ('ahí'),
  ('ajena'),
  ('ajenas'),
  ('ajeno'),
  ('ajenos'),
  ('al'),
  ('algo'),
  ('alguna'),
  ('algunas'),
  ('alguno'),
  ('algunos'),
  ('algún'),
  ('allá'),
  ('alli'),
  ('allí'),
  ('ambos'),
  ('ampleamos'),
  ('ante'),
  ('antes'),
  ('aquel'),
  ('aquella'),
  ('aquellas'),
  ('aquello'),
  ('aquellos'),
  ('aqui'),
  ('aquí'),
  ('arriba'),
  ('asi'),
  ('atras'),
  ('aun'),
  ('aunque'),
  ('bajo'),
  ('bastante'),
  ('bien'),
  ('cabe'),
  ('cada'),
  ('casi'),
  ('cierta'),
  ('ciertas'),
  ('cierto'),
  ('ciertos'),
  ('como'),
  ('con'),
  ('conmigo'),
  ('conseguimos'),
  ('conseguir'),
  ('consigo'),
  ('consigue'),
  ('consiguen'),
  ('consigues'),
  ('contigo'),
  ('contra'),
  ('cómo'),
  ('cual'),
  ('cuales'),
  ('cualquier'),
  ('cualquiera'),
  ('cualquieras'),
  ('cuan'),
  ('cuando'),
  ('cuanta'),
  ('cuantas'),
  ('cuanto'),
  ('cuantos'),
  ('cuán'),
  ('cuánta'),
  ('cuántas'),
  ('cuánto'),
  ('cuántos'),
  ('de'),
  ('dejar'),
  ('del'),
  ('demas'),
  ('demasiada'),
  ('demasiadas'),
  ('demasiado'),
  ('demasiados'),
  ('demás'),
  ('dentro'),
  ('desde'),
  ('donde'),
  ('dos'),
  ('el'),
  ('ella'),
  ('ellas'),
  ('ello'),
  ('ellos'),
  ('empleais'),
  ('emplean'),
  ('emplear'),
  ('empleas'),
  ('empleo'),
  ('en'),
  ('encima'),
  ('entonces'),
  ('entre'),
  ('era'),
  ('eramos'),
  ('eran'),
  ('eras'),
  ('eres'),
  ('es'),
  ('esa'),
  ('esas'),
  ('ese'),
  ('eso'),
  ('esos'),
  ('esta'),
  ('estaba'),
  ('estado'),
  ('estais'),
  ('estamos'),
  ('estan'),
  ('estar'),
  ('estas'),
  ('este'),
  ('esto'),
  ('estos'),
  ('estoy'),
  ('etc'),
  ('él'),
  ('fin'),
  ('fue'),
  ('fueron'),
  ('fui'),
  ('fuimos'),
  ('gueno'),
  ('ha'),
  ('hace'),
  ('haceis'),
  ('hacemos'),
  ('hacen'),
  ('hacer'),
  ('haces'),
  ('hacia'),
  ('hago'),
  ('hasta'),
  ('incluso'),
  ('intenta'),
  ('intentais'),
  ('intentamos'),
  ('intentan'),
  ('intentar'),
  ('intentas'),
  ('intento'),
  ('ir'),
  ('jamás'),
  ('junto'),
  ('juntos'),
  ('la'),
  ('largo'),
  ('las'),
  ('lo'),
  ('los'),
  ('mas'),
  ('más'),
  ('me'),
  ('menos'),
  ('mi'),
  ('mia'),
  ('mias'),
  ('mientras'),
  ('mio'),
  ('mios'),
  ('mis'),
  ('misma'),
  ('mismas'),
  ('mismo'),
  ('mismos'),
  ('mía'),
  ('mío'),
  ('modo'),
  ('mucha'),
  ('muchas'),
  ('muchísima'),
  ('muchísimas'),
  ('muchísimo'),
  ('muchísimos'),
  ('mucho'),
  ('muchos'),
  ('muy'),
  ('nada'),
  ('ni'),
  ('ningun'),
  ('ninguna'),
  ('ningunas'),
  ('ninguno'),
  ('ningunos'),
  ('no'),
  ('nos'),
  ('nosotras'),
  ('nosotros'),
  ('nuestra'),
  ('nuestras'),
  ('nuestro'),
  ('nuestros'),
  ('nunca'),
  ('os'),
  ('otra'),
  ('otras'),
  ('otro'),
  ('otros'),
  ('para'),
  ('parecer'),
  ('pero'),
  ('poca'),
  ('pocas'),
  ('poco'),
  ('pocos'),
  ('podeis'),
  ('podemos'),
  ('poder'),
  ('podria'),
  ('podriais'),
  ('podriamos'),
  ('podrian'),
  ('podrias'),
  ('por'),
  ('por qué'),
  ('porque'),
  ('primero'),
  ('primero desde'),
  ('puede'),
  ('pueden'),
  ('puedo'),
  ('pues'),
  ('que'),
  ('querer'),
  ('qué'),
  ('quien'),
  ('quienes'),
  ('quienesquiera'),
  ('quienquiera'),
  ('quién'),
  ('quiza'),
  ('quizas'),
  ('sabe'),
  ('sabeis'),
  ('sabemos'),
  ('saben'),
  ('saber'),
  ('sabes'),
  ('se'),
  ('segun'),
  ('ser'),
  ('si'),
  ('siempre'),
  ('siendo'),
  ('sin'),
  ('sino'),
  ('sí'),
  ('sín'),
  ('so'),
  ('sobre'),
  ('sois'),
  ('solamente'),
  ('solo'),
  ('somos'),
  ('soy'),
  ('sr'),
  ('sra'),
  ('sres'),
  ('sta'),
  ('su'),
  ('sus'),
  ('suya'),
  ('suyas'),
  ('suyo'),
  ('suyos'),
  ('tal'),
  ('tales'),
  ('tambien'),
  ('también'),
  ('tampoco'),
  ('tan'),
  ('tanta'),
  ('tantas'),
  ('tanto'),
  ('tantos'),
  ('te'),
  ('teneis'),
  ('tenemos'),
  ('tener'),
  ('tengo'),
  ('ti'),
  ('tiempo'),
  ('tiene'),
  ('tienen'),
  ('toda'),
  ('todas'),
  ('todo'),
  ('todos'),
  ('tomar'),
  ('trabaja'),
  ('trabajais'),
  ('trabajamos'),
  ('trabajan'),
  ('trabajar'),
  ('trabajas'),
  ('trabajo'),
  ('tras'),
  ('tu'),
  ('tus'),
  ('tuya'),
  ('tuyo'),
  ('tuyos'),
  ('tú'),
  ('ultimo'),
  ('un'),
  ('una'),
  ('unas'),
  ('uno'),
  ('unos'),
  ('usa'),
  ('usais'),
  ('usamos'),
  ('usan'),
  ('usar'),
  ('usas'),
  ('uso'),
  ('usted'),
  ('ustedes'),
  ('va'),
  ('vais'),
  ('valor'),
  ('vamos'),
  ('van'),
  ('varias'),
  ('varios'),
  ('vaya'),
  ('verdad'),
  ('verdadera'),
  ('vosotras'),
  ('vosotros'),
  ('voy'),
  ('vuestra'),
  ('vuestras'),
  ('vuestro'),
  ('vuestros'),
  ('y'),
  ('ya'),
  ('yo');

COMMIT;

#
# Data for the `sufijo` table  (LIMIT 0,500)
#

INSERT INTO `sufijo` (`sufijo`, `longitud`) VALUES 
  ('il',2),
  ('ificar',6),
  ('ida',3),
  ('ido',3),
  ('ácea',4),
  ('áceo',4),
  ('aco',3),
  ('aca',3),
  ('ado',3),
  ('ada',3),
  ('aje',3),
  ('al',2),
  ('algia',5),
  ('amen',4),
  ('ancia',5),
  ('ano',3),
  ('ana',3),
  ('anza',4),
  ('ar',2),
  ('ario',4),
  ('aria',4),
  ('ata',3),
  ('ato',3),
  ('avo',3),
  ('ava',3),
  ('azgo',4),
  ('azo',3),
  ('bilidad',7),
  ('ble',3),
  ('cardio',6),
  ('cardia',6),
  ('cida',4),
  ('cidio',5),
  ('ción',4),
  ('cola',4),
  ('cracia',6),
  ('crata',5),
  ('cultor',6),
  ('cultora',7),
  ('dad',3),
  ('demia',5),
  ('dera',4),
  ('dero',4),
  ('dizo',4),
  ('diza',4),
  ('dor',3),
  ('dora',4),
  ('dura',4),
  ('ear',3),
  ('ecer',4),
  ('eco',3),
  ('edo',3),
  ('eda',3),
  ('edro',4),
  ('ego',3),
  ('ega',3),
  ('encia',5),
  ('eno',3),
  ('ena',3),
  ('ense',4),
  ('eño',3),
  ('eña',3),
  ('era',3),
  ('ería',4),
  ('ero',3),
  ('és',2),
  ('esa',3),
  ('esco',4),
  ('esca',4),
  ('ez',2),
  ('eza',3),
  ('fagia',5),
  ('fago',4),
  ('faga',4),
  ('fero',4),
  ('fera',4),
  ('filia',5),
  ('filo',4),
  ('fila',4),
  ('fito',4),
  ('fobia',5),
  ('fobo',4),
  ('foba',4),
  ('fono',4),
  ('fona',4),
  ('fonía',5),
  ('forme',5),
  ('fugo',4),
  ('fuga',4),
  ('gamia',5),
  ('gamo',4),
  ('gama',4),
  ('genia',5),
  ('geno',4),
  ('gena',4),
  ('ginia',5),
  ('gino',4),
  ('gina',4),
  ('gono',4),
  ('grafía',6),
  ('grafo',5),
  ('grafa',5),
  ('grama',5),
  ('í',1),
  ('ía',2),
  ('iano',4),
  ('iana',4),
  ('ico',3),
  ('ica',3),
  ('ín',2),
  ('ina',3),
  ('ína',3),
  ('geo',3),
  ('ismo',4),
  ('ista',4),
  ('ístico',6),
  ('ística',6),
  ('itis',4),
  ('izo',3),
  ('iza',3),
  ('latra',5),
  ('latría',6),
  ('lisis',5),
  ('lito',4),
  ('logía',5),
  ('logo',4),
  ('loga',4),
  ('mancia',6),
  ('manía',5),
  ('mano',4),
  ('mana',4),
  ('mante',5),
  ('mente',5),
  ('mento',5),
  ('metría',6),
  ('metro',5),
  ('miento',6),
  ('nomía',5),
  ('nomo',4),
  ('noma',4),
  ('nte',3),
  ('oide',4),
  ('óleo',4),
  ('oma',3),
  ('ope',3),
  ('opía',4),
  ('osis',4),
  ('oso',3),
  ('osa',3),
  ('ón',2),
  ('pata',4),
  ('patía',5),
  ('pedia',5),
  ('podo',4),
  ('polis',5),
  ('sión',4),
  ('sor',3),
  ('tad',3),
  ('teca',4),
  ('tecnia',6),
  ('tivo',4),
  ('tiva',4),
  ('tor',3),
  ('tora',4),
  ('torio',5),
  ('toria',5),
  ('tud',3),
  ('udo',3),
  ('uda',3),
  ('ura',3),
  ('voro',4),
  ('vora',4);

COMMIT;

